{
    "best_model_metrics": {
        "test_mse": 0.1438291221857071,
        "test_mae": 0.27849891781806946,
        "test_mape": 182.7285919189453
    }
}