{
    "best_model_metrics": {
        "test_mse": 0.1450089067220688,
        "test_mae": 0.2820572555065155,
        "test_mape": 194.16685485839844
    }
}