{
    "best_model_metrics": {
        "test_mse": 1.218865990638733,
        "test_mae": 0.8935219049453735,
        "test_mape": 308.1889953613281
    }
}