{
    "Downtream_NN_metrics": {
        "mse": 2695.314697265625,
        "rmse": 51.91642030480939,
        "mae": 43.124366760253906,
        "r2": 0.18102264404296875,
        "mean_relative_error": 0.14616648852825165,
        "median_relative_error": 0.11891156435012817
    }
}