{
    "best_model_metrics": {
        "test_mse": 0.13590073585510254,
        "test_mae": 0.28761500120162964,
        "test_mape": 76.71552276611328
    }
}