{
    "best_model_metrics": {
        "test_mse": 0.14186790585517883,
        "test_mae": 0.2971758246421814,
        "test_mape": 79.79947662353516
    }
}