{
    "best_model_metrics": {
        "test_mse": 0.790492594242096,
        "test_mae": 0.7343052625656128,
        "test_mape": 249.78012084960938
    }
}