{
    "best_model_metrics": {
        "test_mse": 0.8741644620895386,
        "test_mae": 0.7826984524726868,
        "test_mape": 218.48040771484375
    }
}
