{
    "best_model_metrics": {
        "test_mse": 0.2044193148612976,
        "test_mae": 0.3337126672267914,
        "test_mape": 213.89678955078125
    }
}