{
    "best_model_metrics": {
        "test_mse": 0.19114713370800018,
        "test_mae": 0.3258940875530243,
        "test_mape": 210.992919921875
    }
}
