{
    "X320_Y130": {
        "True Mass": 320.0,
        "Naive Sum": {
            "Eta_MSE": 1.2755489349365234,
            "Mass_MSE": 3351.270751953125
        },
        "DNN": {
            "Eta_MSE": 0.5389938354492188,
            "Mass_MSE": 1394.4378662109375
        },
        "GNN": {
            "Eta_MSE": 0.7098928689956665,
            "Mass_MSE": 1579.4312744140625
        }
    },
    "X300_Y170": {
        "True Mass": 300.0,
        "Naive Sum": {
            "Eta_MSE": 1.265502691268921,
            "Mass_MSE": 3546.72998046875
        },
        "DNN": {
            "Eta_MSE": 0.6166250109672546,
            "Mass_MSE": 1531.552734375
        },
        "GNN": {
            "Eta_MSE": 0.7890521883964539,
            "Mass_MSE": 1794.1463623046875
        }
    },
    "X290_Y100": {
        "True Mass": 290.0,
        "Naive Sum": {
            "Eta_MSE": 1.2665696144104004,
            "Mass_MSE": 2874.343994140625
        },
        "DNN": {
            "Eta_MSE": 0.48786985874176025,
            "Mass_MSE": 969.35693359375
        },
        "GNN": {
            "Eta_MSE": 0.6724153161048889,
            "Mass_MSE": 1246.4478759765625
        }
    },
    "X400_Y60": {
        "True Mass": 400.0,
        "Naive Sum": {
            "Eta_MSE": 1.207802414894104,
            "Mass_MSE": 3602.16015625
        },
        "DNN": {
            "Eta_MSE": 0.5329136848449707,
            "Mass_MSE": 2109.40283203125
        },
        "GNN": {
            "Eta_MSE": 0.6780844330787659,
            "Mass_MSE": 2195.3603515625
        }
    },
    "X330_Y230": {
        "True Mass": 330.0,
        "Naive Sum": {
            "Eta_MSE": 1.242989182472229,
            "Mass_MSE": 4484.3974609375
        },
        "DNN": {
            "Eta_MSE": 0.7973629832267761,
            "Mass_MSE": 2635.889892578125
        },
        "GNN": {
            "Eta_MSE": 0.93973708152771,
            "Mass_MSE": 2887.502197265625
        }
    }
}