{
    "X320_Y130": {
        "True Mass": 320.0,
        "Naive Sum": {
            "Eta_MSE": 1.2755489349365234,
            "Mass_MSE": 12454.4326171875,
            "Mass_MAPE": 29.734867095947266
        },
        "DNN": {
            "Eta_MSE": 1.0976616144180298,
            "Mass_MSE": 13582.9580078125,
            "Mass_MAPE": 32.014747619628906
        },
        "GNN": {
            "Eta_MSE": 1.408630132675171,
            "Mass_MSE": 13138.5078125,
            "Mass_MAPE": 29.58802604675293
        }
    },
    "X300_Y170": {
        "True Mass": 300.0,
        "Naive Sum": {
            "Eta_MSE": 1.265502691268921,
            "Mass_MSE": 8646.7470703125,
            "Mass_MAPE": 26.149168014526367
        },
        "DNN": {
            "Eta_MSE": 1.1111446619033813,
            "Mass_MSE": 9528.7197265625,
            "Mass_MAPE": 28.596479415893555
        },
        "GNN": {
            "Eta_MSE": 1.4185333251953125,
            "Mass_MSE": 9432.9931640625,
            "Mass_MAPE": 26.524383544921875
        }
    },
    "X290_Y100": {
        "True Mass": 290.0,
        "Naive Sum": {
            "Eta_MSE": 1.2665696144104004,
            "Mass_MSE": 11085.267578125,
            "Mass_MAPE": 31.01854705810547
        },
        "DNN": {
            "Eta_MSE": 1.0660475492477417,
            "Mass_MSE": 11835.8505859375,
            "Mass_MAPE": 32.88782501220703
        },
        "GNN": {
            "Eta_MSE": 1.4126442670822144,
            "Mass_MSE": 11375.3017578125,
            "Mass_MAPE": 30.951765060424805
        }
    },
    "X400_Y60": {
        "True Mass": 400.0,
        "Naive Sum": {
            "Eta_MSE": 1.207802414894104,
            "Mass_MSE": 25512.248046875,
            "Mass_MAPE": 33.87459182739258
        },
        "DNN": {
            "Eta_MSE": 0.7679935693740845,
            "Mass_MSE": 27747.630859375,
            "Mass_MAPE": 36.005001068115234
        },
        "GNN": {
            "Eta_MSE": 1.3846324682235718,
            "Mass_MSE": 25095.255859375,
            "Mass_MAPE": 33.2077522277832
        }
    },
    "X330_Y230": {
        "True Mass": 330.0,
        "Naive Sum": {
            "Eta_MSE": 1.242989182472229,
            "Mass_MSE": 8600.515625,
            "Mass_MAPE": 22.98389434814453
        },
        "DNN": {
            "Eta_MSE": 1.1452293395996094,
            "Mass_MSE": 9794.208984375,
            "Mass_MAPE": 25.84930992126465
        },
        "GNN": {
            "Eta_MSE": 1.4533613920211792,
            "Mass_MSE": 10254.8349609375,
            "Mass_MAPE": 23.937488555908203
        }
    }
}