{
    "X320_Y130": {
        "True Mass": 320.0,
        "Naive Sum": {
            "Eta_MSE": 1.2755489349365234,
            "Mass_MSE": 8049.6162109375,
            "Mass_MAPE": 19.23466682434082
        },
        "DNN": {
            "Eta_MSE": 0.745654284954071,
            "Mass_MSE": 3360.98583984375,
            "Mass_MAPE": 13.655159950256348
        },
        "GNN": {
            "Eta_MSE": 0.8477829098701477,
            "Mass_MSE": 4291.87890625,
            "Mass_MAPE": 14.920550346374512
        }
    },
    "X300_Y170": {
        "True Mass": 300.0,
        "Naive Sum": {
            "Eta_MSE": 1.265502691268921,
            "Mass_MSE": 6963.2080078125,
            "Mass_MAPE": 19.27679443359375
        },
        "DNN": {
            "Eta_MSE": 0.7866211533546448,
            "Mass_MSE": 2757.30615234375,
            "Mass_MAPE": 13.335140228271484
        },
        "GNN": {
            "Eta_MSE": 0.8943041563034058,
            "Mass_MSE": 3594.8828125,
            "Mass_MAPE": 14.590901374816895
        }
    },
    "X290_Y100": {
        "True Mass": 290.0,
        "Naive Sum": {
            "Eta_MSE": 1.2665696144104004,
            "Mass_MSE": 7570.8662109375,
            "Mass_MAPE": 20.203983306884766
        },
        "DNN": {
            "Eta_MSE": 0.6897879838943481,
            "Mass_MSE": 2594.5712890625,
            "Mass_MAPE": 13.180436134338379
        },
        "GNN": {
            "Eta_MSE": 0.8035804033279419,
            "Mass_MSE": 3757.731201171875,
            "Mass_MAPE": 15.157008171081543
        }
    },
    "X400_Y60": {
        "True Mass": 400.0,
        "Naive Sum": {
            "Eta_MSE": 1.207802414894104,
            "Mass_MSE": 10113.265625,
            "Mass_MAPE": 18.016756057739258
        },
        "DNN": {
            "Eta_MSE": 0.7120134234428406,
            "Mass_MSE": 6496.6865234375,
            "Mass_MAPE": 15.11487102508545
        },
        "GNN": {
            "Eta_MSE": 0.7778574228286743,
            "Mass_MSE": 8022.61328125,
            "Mass_MAPE": 15.99692153930664
        }
    },
    "X330_Y230": {
        "True Mass": 330.0,
        "Naive Sum": {
            "Eta_MSE": 1.242989182472229,
            "Mass_MSE": 6870.3984375,
            "Mass_MAPE": 18.06423568725586
        },
        "DNN": {
            "Eta_MSE": 0.8977331519126892,
            "Mass_MSE": 3642.90771484375,
            "Mass_MAPE": 13.879698753356934
        },
        "GNN": {
            "Eta_MSE": 1.0071691274642944,
            "Mass_MSE": 4512.59716796875,
            "Mass_MAPE": 14.850163459777832
        }
    }
}