{
    "X320_Y130": {
        "True Mass": 320.0,
        "Naive Sum": {
            "Eta_MSE": 1.2755489349365234,
            "Mass_MSE": 3351.270751953125,
            "Mass_MAPE": 11.409111022949219
        },
        "DNN": {
            "Eta_MSE": 0.4146512448787689,
            "Mass_MSE": 1115.6256103515625,
            "Mass_MAPE": 6.56353235244751
        },
        "GNN": {
            "Eta_MSE": 0.3856755197048187,
            "Mass_MSE": 1081.23583984375,
            "Mass_MAPE": 6.386415481567383
        }
    },
    "X300_Y170": {
        "True Mass": 300.0,
        "Naive Sum": {
            "Eta_MSE": 1.265502691268921,
            "Mass_MSE": 3546.72998046875,
            "Mass_MAPE": 13.079686164855957
        },
        "DNN": {
            "Eta_MSE": 0.4816497564315796,
            "Mass_MSE": 1267.3094482421875,
            "Mass_MAPE": 7.856889724731445
        },
        "GNN": {
            "Eta_MSE": 0.4700956642627716,
            "Mass_MSE": 1366.9544677734375,
            "Mass_MAPE": 8.129612922668457
        }
    },
    "X290_Y100": {
        "True Mass": 290.0,
        "Naive Sum": {
            "Eta_MSE": 1.2665696144104004,
            "Mass_MSE": 2874.343994140625,
            "Mass_MAPE": 11.430678367614746
        },
        "DNN": {
            "Eta_MSE": 0.385010302066803,
            "Mass_MSE": 793.9556884765625,
            "Mass_MAPE": 6.036954879760742
        },
        "GNN": {
            "Eta_MSE": 0.388427734375,
            "Mass_MSE": 878.4080810546875,
            "Mass_MAPE": 6.303792953491211
        }
    },
    "X400_Y60": {
        "True Mass": 400.0,
        "Naive Sum": {
            "Eta_MSE": 1.207802414894104,
            "Mass_MSE": 3602.16015625,
            "Mass_MAPE": 9.127134323120117
        },
        "DNN": {
            "Eta_MSE": 0.4685195982456207,
            "Mass_MSE": 1895.22265625,
            "Mass_MAPE": 6.261772155761719
        },
        "GNN": {
            "Eta_MSE": 0.47405484318733215,
            "Mass_MSE": 1803.328857421875,
            "Mass_MAPE": 6.1897711753845215
        }
    },
    "X330_Y230": {
        "True Mass": 330.0,
        "Naive Sum": {
            "Eta_MSE": 1.242989182472229,
            "Mass_MSE": 4484.3974609375,
            "Mass_MAPE": 14.02574634552002
        },
        "DNN": {
            "Eta_MSE": 0.6963419318199158,
            "Mass_MSE": 2386.738037109375,
            "Mass_MAPE": 10.1337251663208
        },
        "GNN": {
            "Eta_MSE": 0.7070581912994385,
            "Mass_MSE": 2603.456298828125,
            "Mass_MAPE": 10.538178443908691
        }
    }
}