{
    "best_model_1.keras_metrics": {
        "mse": 660.0244750976562,
        "rmse": 25.69094149885629,
        "mae": 18.461021423339844,
        "r2": 0.7994500398635864,
        "mean_relative_error": 0.05900321900844574,
        "median_relative_error": 0.04268192499876022
    },
    "lorentz_metrics": {
        "mse": 3452.7256216421233,
        "rmse": 58.75989807378944,
        "mae": 36.67844256800682,
        "r2": -0.04911839671914309,
        "mean_relative_error": 0.11657890852602715,
        "median_relative_error": 0.06626243834492657
    }
}