{
    "best_model_1.keras_metrics": {
        "mse": 627.23876953125,
        "rmse": 25.044735365566353,
        "mae": 18.163345336914062,
        "r2": 0.8094121217727661,
        "mean_relative_error": 0.05810298025608063,
        "median_relative_error": 0.04264937341213226
    },
    "lorentz_metrics": {
        "mse": 3452.7256216421233,
        "rmse": 58.75989807378944,
        "mae": 36.67844256800682,
        "r2": -0.04911839671914309,
        "mean_relative_error": 0.11657890852602715,
        "median_relative_error": 0.06626243834492657
    }
}