{
    "best_model_1.keras_metrics": {
        "mse": 627.2387084960938,
        "rmse": 25.04473414704364,
        "mae": 18.16334342956543,
        "r2": 0.8094121217727661,
        "mean_relative_error": 0.05810297280550003,
        "median_relative_error": 0.042649365961551666
    },
    "lorentz_metrics": {
        "mse": 102698.50387388337,
        "rmse": 320.4660728905376,
        "mae": 315.01738544719433,
        "r2": -30.205169149717054,
        "mean_relative_error": 0.9858147422690624,
        "median_relative_error": 0.9875463173489472
    }
}