{
    "test_qX_qWY_qqqlv_X200_Y60.npz": {
        "best_model_1.keras_metrics": {
            "mse": 682.6016235351562,
            "rmse": 26.126645853135383,
            "mae": 23.454387664794922,
            "r2": 0.0,
            "mean_relative_error": 0.11727193742990494,
            "median_relative_error": 0.10418815910816193
        },
        "lorentz_metrics": {
            "mse": 2867.0325984304227,
            "rmse": 53.54467852579211,
            "mae": 28.666081034977907,
            "r2": 0.0,
            "mean_relative_error": 0.1433304051748895,
            "median_relative_error": 0.06543337741536774
        }
    },
    "test_qX_qWY_qqqlv_X250_Y80.npz": {
        "best_model_1.keras_metrics": {
            "mse": 387.7457580566406,
            "rmse": 19.691260956491348,
            "mae": 16.894798278808594,
            "r2": 0.0,
            "mean_relative_error": 0.06757919490337372,
            "median_relative_error": 0.0674298107624054
        },
        "lorentz_metrics": {
            "mse": 2473.5052414075385,
            "rmse": 49.734346697303046,
            "mae": 30.356705288924733,
            "r2": 0.0,
            "mean_relative_error": 0.12142682115569894,
            "median_relative_error": 0.06950622268210463
        }
    },
    "test_qX_qWY_qqqlv_X300_Y100.npz": {
        "best_model_1.keras_metrics": {
            "mse": 571.1267700195312,
            "rmse": 23.89825872358761,
            "mae": 18.49966049194336,
            "r2": 0.0,
            "mean_relative_error": 0.06166553124785423,
            "median_relative_error": 0.04971028491854668
        },
        "lorentz_metrics": {
            "mse": 3115.3389144436683,
            "rmse": 55.81522117168101,
            "mae": 33.94006056511549,
            "r2": 0.0,
            "mean_relative_error": 0.11313353521705162,
            "median_relative_error": 0.06457613311176051
        }
    },
    "test_qX_qWY_qqqlv_X350_Y130.npz": {
        "best_model_1.keras_metrics": {
            "mse": 475.10479736328125,
            "rmse": 21.796898801510302,
            "mae": 15.523240089416504,
            "r2": 0.0,
            "mean_relative_error": 0.04435211420059204,
            "median_relative_error": 0.032520271837711334
        },
        "lorentz_metrics": {
            "mse": 3371.0297956491613,
            "rmse": 58.06057005962963,
            "mae": 35.920139778860566,
            "r2": 0.0,
            "mean_relative_error": 0.10262897079674449,
            "median_relative_error": 0.057280785625096406
        }
    },
    "test_qX_qWY_qqqlv_X400_Y160.npz": {
        "best_model_1.keras_metrics": {
            "mse": 834.0743408203125,
            "rmse": 28.88034523374526,
            "mae": 21.10321044921875,
            "r2": 0.0,
            "mean_relative_error": 0.052758026868104935,
            "median_relative_error": 0.03605346381664276
        },
        "lorentz_metrics": {
            "mse": 3833.7708114052352,
            "rmse": 61.917451590042326,
            "mae": 39.299334948663066,
            "r2": 0.0,
            "mean_relative_error": 0.09824833737165765,
            "median_relative_error": 0.05715905296681349
        }
    }
}