{
    "best_model_metrics": {
        "test_mse": 0.14333611726760864,
        "test_mae": 0.2806057035923004,
        "test_mape": 188.58377075195312
    }
}
