{
    "best_model_metrics": {
        "test_mse": 1.082097053527832,
        "test_mae": 0.8424698114395142,
        "test_mape": 272.5666809082031
    }
}