{
    "best_model_metrics": {
        "test_mse": 1.2920725345611572,
        "test_mae": 0.9190930724143982,
        "test_mape": 317.4765625
    }
}