{
    "best_model_metrics": {
        "test_mse": 1.2720433473587036,
        "test_mae": 0.9118444919586182,
        "test_mape": 316.06689453125
    }
}