{
    "gnn_baseline_metrics": {
        "mse": 88248.6484375,
        "rmse": 297.0667407124197,
        "mae": 227.5185546875,
        "r2": 0.8971558809280396,
        "mean_relative_error": 0.05351954326033592,
        "median_relative_error": 0.04221072047948837
    },
    "gnn_transformed_metrics": {
        "mse": 1197934.875,
        "rmse": 1094.5021128348726,
        "mae": 905.6234741210938,
        "r2": -0.3960617780685425,
        "mean_relative_error": 0.24339783191680908,
        "median_relative_error": 0.16197609901428223
    },
    "siamese_finetune_metrics": {
        "mse": 89989.59375,
        "rmse": 299.98265574862825,
        "mae": 231.54971313476562,
        "r2": 0.89512699842453,
        "mean_relative_error": 0.054531279951334,
        "median_relative_error": 0.043367333710193634
    },
    "siamese_no_finetune_metrics": {
        "mse": 535138.375,
        "rmse": 731.5315270034505,
        "mae": 587.1046142578125,
        "r2": 0.3763549327850342,
        "mean_relative_error": 0.14169932901859283,
        "median_relative_error": 0.11497041583061218
    },
    "lorentz_metrics": {
        "mse": 1527585.0361289126,
        "rmse": 1235.955110887492,
        "mae": 872.5223012419679,
        "r2": -0.7802325307924394,
        "mean_relative_error": 0.20462524238158952,
        "median_relative_error": 0.13885485085036298
    }
}