{
    "gnn_baseline_metrics": {
        "mse": 106925.015625,
        "rmse": 326.9939076267324,
        "mae": 252.2757568359375,
        "r2": 0.8753906488418579,
        "mean_relative_error": 0.05907066538929939,
        "median_relative_error": 0.04757041484117508
    },
    "gnn_transformed_metrics": {
        "mse": 1197934.875,
        "rmse": 1094.5021128348726,
        "mae": 905.6234741210938,
        "r2": -0.3960617780685425,
        "mean_relative_error": 0.24339783191680908,
        "median_relative_error": 0.16197609901428223
    },
    "siamese_finetune_metrics": {
        "mse": 84234.6953125,
        "rmse": 290.2321403850718,
        "mae": 221.87646484375,
        "r2": 0.901833713054657,
        "mean_relative_error": 0.052240509539842606,
        "median_relative_error": 0.04112347215414047
    },
    "siamese_no_finetune_metrics": {
        "mse": 535138.375,
        "rmse": 731.5315270034505,
        "mae": 587.1046142578125,
        "r2": 0.3763549327850342,
        "mean_relative_error": 0.14169932901859283,
        "median_relative_error": 0.11497041583061218
    },
    "lorentz_metrics": {
        "mse": 1527585.0361289126,
        "rmse": 1235.955110887492,
        "mae": 872.5223012419679,
        "r2": -0.7802325307924394,
        "mean_relative_error": 0.20462524238158952,
        "median_relative_error": 0.13885485085036298
    }
}