{
    "gnn_baseline_metrics": {
        "mse": 405269.15625,
        "rmse": 636.6075370665981,
        "mae": 506.86260986328125,
        "r2": 0.5277705192565918,
        "mean_relative_error": 0.12461252510547638,
        "median_relative_error": 0.09823479503393173
    },
    "gnn_transformed_metrics": {
        "mse": 1216620.75,
        "rmse": 1103.0053263697325,
        "mae": 913.5210571289062,
        "r2": -0.41763603687286377,
        "mean_relative_error": 0.24572806060314178,
        "median_relative_error": 0.15877088904380798
    },
    "siamese_finetune_metrics": {
        "mse": 471423.75,
        "rmse": 686.6030512603334,
        "mae": 537.4989624023438,
        "r2": 0.45068562030792236,
        "mean_relative_error": 0.12400923669338226,
        "median_relative_error": 0.10351023077964783
    },
    "siamese_no_finetune_metrics": {
        "mse": 3546829.75,
        "rmse": 1883.3028832346645,
        "mae": 1667.105224609375,
        "r2": -3.132852077484131,
        "mean_relative_error": 0.3556130826473236,
        "median_relative_error": 0.3768211007118225
    },
    "lorentz_addition_metrics": {
        "mse": 949974.8350033787,
        "rmse": 974.6665250245228,
        "mae": 642.5254050698712,
        "r2": -0.10693387110595198,
        "mean_relative_error": 0.15046641502330832,
        "median_relative_error": 0.09217088103346788
    }
}
