{
    "bA_bgX_bgqqqqY_bgqqqqqqqqlv_A4100_X1800_Y600": {
        "gnn_baseline_metrics": {
            "mse": 155416.484375,
            "rmse": 394.228974550324,
            "mae": 310.4114685058594,
            "r2": 0.0,
            "mean_relative_error": 0.07571011036634445,
            "median_relative_error": 0.06454968452453613
        },
        "gnn_transformed_metrics": {
            "mse": 749697.25,
            "rmse": 865.8505933473742,
            "mae": 865.3055419921875,
            "r2": 0.0,
            "mean_relative_error": 0.2110501378774643,
            "median_relative_error": 0.21057093143463135
        },
        "siamese_finetune_metrics": {
            "mse": 142343.25,
            "rmse": 377.28404418952044,
            "mae": 299.3899841308594,
            "r2": 0.0,
            "mean_relative_error": 0.07302194088697433,
            "median_relative_error": 0.061063408851623535
        },
        "siamese_no_finetune_metrics": {
            "mse": 449181.1875,
            "rmse": 670.2098085674365,
            "mae": 567.4443359375,
            "r2": 0.0,
            "mean_relative_error": 0.138401061296463,
            "median_relative_error": 0.1333649754524231
        },
        "lorentz_addition_metrics": {
            "mse": 1109624.1533077008,
            "rmse": 1053.3869912371715,
            "mae": 701.0225251856186,
            "r2": 0.0,
            "mean_relative_error": 0.17098110370380945,
            "median_relative_error": 0.1056874482959285
        }
    },
    "bA_bgX_bgqqqqY_bgqqqqqqqqlv_A6500_X3000_Y1000": {
        "gnn_baseline_metrics": {
            "mse": 535390.25,
            "rmse": 731.7036626941265,
            "mae": 591.8624267578125,
            "r2": 0.0,
            "mean_relative_error": 0.09105575084686279,
            "median_relative_error": 0.084107905626297
        },
        "gnn_transformed_metrics": {
            "mse": 2324484.75,
            "rmse": 1524.6261017049394,
            "mae": 1523.716796875,
            "r2": 0.0,
            "mean_relative_error": 0.23441794514656067,
            "median_relative_error": 0.23653583228588104
        },
        "siamese_finetune_metrics": {
            "mse": 677799.5625,
            "rmse": 823.2858328065654,
            "mae": 682.612060546875,
            "r2": 0.0,
            "mean_relative_error": 0.10501723736524582,
            "median_relative_error": 0.100273996591568
        },
        "siamese_no_finetune_metrics": {
            "mse": 3578816.25,
            "rmse": 1891.7759513219319,
            "mae": 1779.32861328125,
            "r2": 0.0,
            "mean_relative_error": 0.27374282479286194,
            "median_relative_error": 0.25402480363845825
        },
        "lorentz_addition_metrics": {
            "mse": 1629699.6222171828,
            "rmse": 1276.5968910416407,
            "mae": 911.9231461146197,
            "r2": 0.0,
            "mean_relative_error": 0.1402958686330184,
            "median_relative_error": 0.09718082360394048
        }
    },
    "bA_bgX_bgqqqqY_bgqqqqqqqqlv_A2500_X1000_Y500": {
        "gnn_baseline_metrics": {
            "mse": 170078.921875,
            "rmse": 412.40625828786835,
            "mae": 344.41461181640625,
            "r2": 0.0,
            "mean_relative_error": 0.13776583969593048,
            "median_relative_error": 0.12401743233203888
        },
        "gnn_transformed_metrics": {
            "mse": 6085792.0,
            "rmse": 2466.9398046973097,
            "mae": 2466.85888671875,
            "r2": 0.0,
            "mean_relative_error": 0.986743688583374,
            "median_relative_error": 0.9864425659179688
        },
        "siamese_finetune_metrics": {
            "mse": 179086.9375,
            "rmse": 423.186646174002,
            "mae": 349.9568786621094,
            "r2": 0.0,
            "mean_relative_error": 0.13998275995254517,
            "median_relative_error": 0.12857046723365784
        },
        "siamese_no_finetune_metrics": {
            "mse": 996395.3125,
            "rmse": 998.196029094486,
            "mae": 864.9993286132812,
            "r2": 0.0,
            "mean_relative_error": 0.3459997773170471,
            "median_relative_error": 0.3210679292678833
        },
        "lorentz_addition_metrics": {
            "mse": 779692.4841342386,
            "rmse": 883.0019728937408,
            "mae": 598.6275566434199,
            "r2": 0.0,
            "mean_relative_error": 0.23945102265736795,
            "median_relative_error": 0.15294872578541163
        }
    },
    "bA_bgX_bgqqqqY_bgqqqqqqqqlv_A5300_X2400_Y800": {
        "gnn_baseline_metrics": {
            "mse": 169401.4375,
            "rmse": 411.58405885068,
            "mae": 310.44940185546875,
            "r2": 0.0,
            "mean_relative_error": 0.058575358241796494,
            "median_relative_error": 0.048244353383779526
        },
        "gnn_transformed_metrics": {
            "mse": 114062.8046875,
            "rmse": 337.7318532319686,
            "mae": 335.4739074707031,
            "r2": 0.0,
            "mean_relative_error": 0.06329695880413055,
            "median_relative_error": 0.06375626474618912
        },
        "siamese_finetune_metrics": {
            "mse": 240039.640625,
            "rmse": 489.9384049296401,
            "mae": 372.6705627441406,
            "r2": 0.0,
            "mean_relative_error": 0.07031520456075668,
            "median_relative_error": 0.05733039230108261
        },
        "siamese_no_finetune_metrics": {
            "mse": 1507295.125,
            "rmse": 1227.7194813963001,
            "mae": 1044.05908203125,
            "r2": 0.0,
            "mean_relative_error": 0.19699227809906006,
            "median_relative_error": 0.19124820828437805
        },
        "lorentz_addition_metrics": {
            "mse": 1541157.8788274608,
            "rmse": 1241.4337996153724,
            "mae": 859.5770726645319,
            "r2": 0.0,
            "mean_relative_error": 0.16218435333293052,
            "median_relative_error": 0.10540421306760608
        }
    },
    "bA_bgX_bgqqqqY_bgqqqqqqqqlv_A3300_X1400_Y550": {
        "gnn_baseline_metrics": {
            "mse": 106954.34375,
            "rmse": 327.03874961539344,
            "mae": 245.9029083251953,
            "r2": 0.0,
            "mean_relative_error": 0.07451602816581726,
            "median_relative_error": 0.05601111054420471
        },
        "gnn_transformed_metrics": {
            "mse": 2778019.0,
            "rmse": 1666.7390317623212,
            "mae": 1666.5555419921875,
            "r2": 0.0,
            "mean_relative_error": 0.5050168633460999,
            "median_relative_error": 0.5045886039733887
        },
        "siamese_finetune_metrics": {
            "mse": 114827.4609375,
            "rmse": 338.8620086960177,
            "mae": 260.4723205566406,
            "r2": 0.0,
            "mean_relative_error": 0.07893101125955582,
            "median_relative_error": 0.06096827983856201
        },
        "siamese_no_finetune_metrics": {
            "mse": 292981.40625,
            "rmse": 541.2775685819614,
            "mae": 414.4465637207031,
            "r2": 0.0,
            "mean_relative_error": 0.12558987736701965,
            "median_relative_error": 0.0986255630850792
        },
        "lorentz_addition_metrics": {
            "mse": 1154951.8881075408,
            "rmse": 1074.6868790989963,
            "mae": 736.5347132370366,
            "r2": 0.0,
            "mean_relative_error": 0.2231923373445566,
            "median_relative_error": 0.14597628144999755
        }
    }
}
