{
    "gnn_baseline_metrics": {
        "mse": 156758.515625,
        "rmse": 395.9274120656462,
        "mae": 301.5835266113281,
        "r2": 0.8173412084579468,
        "mean_relative_error": 0.07105866074562073,
        "median_relative_error": 0.05579771474003792
    },
    "gnn_transformed_metrics": {
        "mse": 1200914.375,
        "rmse": 1095.8623887149336,
        "mae": 906.9198608398438,
        "r2": -0.39933454990386963,
        "mean_relative_error": 0.24376408755779266,
        "median_relative_error": 0.16129733622074127
    },
    "siamese_finetune_metrics": {
        "mse": 173460.75,
        "rmse": 416.48619424898106,
        "mae": 321.125244140625,
        "r2": 0.7978793382644653,
        "mean_relative_error": 0.07464759051799774,
        "median_relative_error": 0.0608992725610733
    },
    "siamese_no_finetune_metrics": {
        "mse": 1000825.8125,
        "rmse": 1000.4128210393948,
        "mae": 791.2468872070312,
        "r2": -0.16618645191192627,
        "mean_relative_error": 0.1752442717552185,
        "median_relative_error": 0.156396746635437
    },
    "lorentz_addition_metrics": {
        "mse": 1234137.4308692745,
        "rmse": 1110.9173825578905,
        "mae": 755.4305639606463,
        "r2": -0.4380470655562383,
        "mean_relative_error": 0.17696996308186388,
        "median_relative_error": 0.11210832360870986
    }
}