{
    "gnn_baseline_metrics": {
        "mse": 354623.9375,
        "rmse": 595.5030961296507,
        "mae": 460.9814147949219,
        "r2": 0.5867266654968262,
        "mean_relative_error": 0.104331836104393,
        "median_relative_error": 0.08763116598129272
    },
    "gnn_transformed_metrics": {
        "mse": 1210163.375,
        "rmse": 1100.074258857101,
        "mae": 910.9835205078125,
        "r2": -0.4103059768676758,
        "mean_relative_error": 0.24495120346546173,
        "median_relative_error": 0.15883685648441315
    },
    "siamese_finetune_metrics": {
        "mse": 380180.75,
        "rmse": 616.5879904766228,
        "mae": 463.145263671875,
        "r2": 0.5569431781768799,
        "mean_relative_error": 0.10261180251836777,
        "median_relative_error": 0.08541311323642731
    },
    "siamese_no_finetune_metrics": {
        "mse": 2684293.75,
        "rmse": 1638.3814421556417,
        "mae": 1417.7762451171875,
        "r2": -2.128235101699829,
        "mean_relative_error": 0.30010268092155457,
        "median_relative_error": 0.3165178596973419
    },
    "lorentz_addition_metrics": {
        "mse": 950601.9401296477,
        "rmse": 974.9881743537445,
        "mae": 642.3351506403241,
        "r2": -0.10781683335919268,
        "mean_relative_error": 0.1504361461437714,
        "median_relative_error": 0.09235034945535897
    }
}