{
    "gnn_baseline_metrics": {
        "mse": 355389.09375,
        "rmse": 596.1451951915741,
        "mae": 461.4541320800781,
        "r2": 0.5858349800109863,
        "mean_relative_error": 0.1043722927570343,
        "median_relative_error": 0.0880029946565628
    },
    "gnn_transformed_metrics": {
        "mse": 1210181.0,
        "rmse": 1100.0822696507748,
        "mae": 911.0233154296875,
        "r2": -0.41032660007476807,
        "mean_relative_error": 0.24496030807495117,
        "median_relative_error": 0.15882505476474762
    },
    "siamese_finetune_metrics": {
        "mse": 445517.3125,
        "rmse": 667.4708326960812,
        "mae": 503.2729187011719,
        "r2": 0.4808008670806885,
        "mean_relative_error": 0.10935675352811813,
        "median_relative_error": 0.09260834753513336
    },
    "siamese_no_finetune_metrics": {
        "mse": 2685997.0,
        "rmse": 1638.9011562629396,
        "mae": 1418.3094482421875,
        "r2": -2.1302201747894287,
        "mean_relative_error": 0.3002234399318695,
        "median_relative_error": 0.31666475534439087
    },
    "lorentz_addition_metrics": {
        "mse": 952047.2195705209,
        "rmse": 975.7290707827254,
        "mae": 643.5901533971394,
        "r2": -0.10950113971910702,
        "mean_relative_error": 0.1507389091655112,
        "median_relative_error": 0.09276091313655344
    }
}