{
    "gnn_baseline_metrics": {
        "mse": 207635.765625,
        "rmse": 455.6706767227841,
        "mae": 352.075439453125,
        "r2": 0.7580577731132507,
        "mean_relative_error": 0.0835828185081482,
        "median_relative_error": 0.06639665365219116
    },
    "gnn_transformed_metrics": {
        "mse": 1204478.25,
        "rmse": 1097.487243661629,
        "mae": 908.4498901367188,
        "r2": -0.4034872055053711,
        "mean_relative_error": 0.24420101940631866,
        "median_relative_error": 0.16054153442382812
    },
    "siamese_finetune_metrics": {
        "mse": 229818.96875,
        "rmse": 479.3943770529646,
        "mae": 369.11639404296875,
        "r2": 0.732209324836731,
        "mean_relative_error": 0.08524128794670105,
        "median_relative_error": 0.06882835179567337
    },
    "siamese_no_finetune_metrics": {
        "mse": 1462719.125,
        "rmse": 1209.429255888909,
        "mae": 996.9913940429688,
        "r2": -0.7043957710266113,
        "mean_relative_error": 0.2101268619298935,
        "median_relative_error": 0.2107815146446228
    },
    "lorentz_addition_metrics": {
        "mse": 952446.3674218948,
        "rmse": 975.9335876082423,
        "mae": 643.6709239942866,
        "r2": -0.109813761021754,
        "mean_relative_error": 0.15072248912040062,
        "median_relative_error": 0.09264935337229521
    }
}
