{
    "gnn_baseline_metrics": {
        "mse": 208269.6875,
        "rmse": 456.36573874470463,
        "mae": 352.3486633300781,
        "r2": 0.7573190927505493,
        "mean_relative_error": 0.08361530303955078,
        "median_relative_error": 0.0662163496017456
    },
    "gnn_transformed_metrics": {
        "mse": 1204428.375,
        "rmse": 1097.4645210666265,
        "mae": 908.4271850585938,
        "r2": -0.40342915058135986,
        "mean_relative_error": 0.24419507384300232,
        "median_relative_error": 0.16053515672683716
    },
    "siamese_finetune_metrics": {
        "mse": 220204.6875,
        "rmse": 469.2597228614448,
        "mae": 363.1373596191406,
        "r2": 0.7434121370315552,
        "mean_relative_error": 0.08450162410736084,
        "median_relative_error": 0.06862284988164902
    },
    "siamese_no_finetune_metrics": {
        "mse": 1463825.875,
        "rmse": 1209.886719903975,
        "mae": 997.1307373046875,
        "r2": -0.7056854963302612,
        "mean_relative_error": 0.21013814210891724,
        "median_relative_error": 0.2111634612083435
    },
    "lorentz_addition_metrics": {
        "mse": 951314.3328425782,
        "rmse": 975.3534399603961,
        "mae": 643.0323267021627,
        "r2": -0.10849468669163853,
        "mean_relative_error": 0.15061544738198543,
        "median_relative_error": 0.09243275352001934
    }
}
