{
    "gnn_baseline_metrics": {
        "mse": 355591.53125,
        "rmse": 596.314959773776,
        "mae": 461.3131103515625,
        "r2": 0.5855990648269653,
        "mean_relative_error": 0.10433120280504227,
        "median_relative_error": 0.08788855373859406
    },
    "gnn_transformed_metrics": {
        "mse": 1210095.5,
        "rmse": 1100.0434082344204,
        "mae": 910.9658203125,
        "r2": -0.41022682189941406,
        "mean_relative_error": 0.24494922161102295,
        "median_relative_error": 0.15886276960372925
    },
    "siamese_finetune_metrics": {
        "mse": 351362.65625,
        "rmse": 592.7585142787913,
        "mae": 446.8791198730469,
        "r2": 0.5905272960662842,
        "mean_relative_error": 0.1002105176448822,
        "median_relative_error": 0.08269618451595306
    },
    "siamese_no_finetune_metrics": {
        "mse": 2684400.25,
        "rmse": 1638.4139434221133,
        "mae": 1417.7603759765625,
        "r2": -2.128359079360962,
        "mean_relative_error": 0.3000970184803009,
        "median_relative_error": 0.3164467215538025
    },
    "lorentz_addition_metrics": {
        "mse": 951117.385199695,
        "rmse": 975.2524725422105,
        "mae": 643.0854523046822,
        "r2": -0.10841752509057345,
        "mean_relative_error": 0.15059860412446066,
        "median_relative_error": 0.09257648693812806
    }
}