{
    "gnn_baseline_metrics": {
        "mse": 207779.53125,
        "rmse": 455.82840110067735,
        "mae": 351.9696960449219,
        "r2": 0.7578569054603577,
        "mean_relative_error": 0.0835682675242424,
        "median_relative_error": 0.06620177626609802
    },
    "gnn_transformed_metrics": {
        "mse": 1204906.5,
        "rmse": 1097.6823310958412,
        "mae": 908.7568359375,
        "r2": -0.4041796922683716,
        "mean_relative_error": 0.24428950250148773,
        "median_relative_error": 0.1605437695980072
    },
    "siamese_finetune_metrics": {
        "mse": 244607.921875,
        "rmse": 494.57852953297515,
        "mae": 379.61602783203125,
        "r2": 0.7149376273155212,
        "mean_relative_error": 0.0877845361828804,
        "median_relative_error": 0.0705345869064331
    },
    "siamese_no_finetune_metrics": {
        "mse": 1462905.875,
        "rmse": 1209.506459263447,
        "mae": 996.9586181640625,
        "r2": -0.7048482894897461,
        "mean_relative_error": 0.21013304591178894,
        "median_relative_error": 0.21116971969604492
    },
    "lorentz_addition_metrics": {
        "mse": 948719.9332518158,
        "rmse": 974.0225527429105,
        "mae": 642.412396125384,
        "r2": -0.10562357158289593,
        "mean_relative_error": 0.15041984481699786,
        "median_relative_error": 0.09244686609087896
    }
}