{
    "best_model_metrics": {
        "test_mse": 1.5209071636199951,
        "test_mae": 1.02155339717865,
        "test_mape": 218.51791381835938
    }
}
