{
    "best_model_metrics": {
        "test_mse": 0.12652793526649475,
        "test_mae": 0.2740009129047394,
        "test_mape": 73.47476959228516
    }
}
