{
    "gnn_baseline_metrics": {
        "mse": 3326.752197265625,
        "rmse": 57.678004449405364,
        "mae": 39.91764450073242,
        "r2": -0.0108720064163208,
        "mean_relative_error": 0.12016481906175613,
        "median_relative_error": 0.07810629904270172
    },
    "gnn_transformed_metrics": {
        "mse": 3398.874755859375,
        "rmse": 58.29986926108304,
        "mae": 49.101654052734375,
        "r2": -0.032787203788757324,
        "mean_relative_error": 0.17047709226608276,
        "median_relative_error": 0.13766628503799438
    },
    "siamese_finetune_metrics": {
        "mse": 1854.961181640625,
        "rmse": 43.06926028666646,
        "mae": 31.164134979248047,
        "r2": 0.43634867668151855,
        "mean_relative_error": 0.1023636981844902,
        "median_relative_error": 0.06922226399183273
    },
    "siamese_no_finetune_metrics": {
        "mse": 3146.702392578125,
        "rmse": 56.095475687243486,
        "mae": 47.1471061706543,
        "r2": 0.04383820295333862,
        "mean_relative_error": 0.1574019342660904,
        "median_relative_error": 0.1329013705253601
    },
    "lorentz_addition_metrics": {
        "mse": 9544.349434356363,
        "rmse": 97.69518634178638,
        "mae": 71.38511636314702,
        "r2": -1.9001602959798234,
        "mean_relative_error": 0.22418181963026584,
        "median_relative_error": 0.16610579020650518
    }
}
