{
    "best_model_metrics": {
        "test_mse": 0.1454780399799347,
        "test_mae": 0.2997106611728668,
        "test_mape": 79.5775146484375
    }
}