{
    "best_model_metrics": {
        "test_mse": 0.14087370038032532,
        "test_mae": 0.2963561713695526,
        "test_mape": 78.91744995117188
    }
}