{
    "best_model_metrics": {
        "test_mse": 0.623649537563324,
        "test_mae": 0.6338000893592834,
        "test_mape": 127.41459655761719
    }
}