{
    "best_model_metrics": {
        "test_mse": 0.1020985096693039,
        "test_mae": 0.24441003799438477,
        "test_mape": 64.74728393554688
    }
}