{
    "best_model_metrics": {
        "test_mse": 0.09816677868366241,
        "test_mae": 0.23952427506446838,
        "test_mape": 62.50655746459961
    }
}