{
    "best_model_metrics": {
        "test_mse": 0.10487417876720428,
        "test_mae": 0.24996602535247803,
        "test_mape": 66.31173706054688
    }
}