{
    "best_model_metrics": {
        "test_mse": 0.10284513235092163,
        "test_mae": 0.2456144541501999,
        "test_mape": 65.12982177734375
    }
}