{
    "gnn_baseline_metrics": {
        "mse": 471.72412109375,
        "rmse": 21.71921087640502,
        "mae": 16.097606658935547,
        "r2": 0.8566656112670898,
        "mean_relative_error": 0.052618931978940964,
        "median_relative_error": 0.03922371566295624
    },
    "gnn_transformed_metrics": {
        "mse": 3460.891357421875,
        "rmse": 58.82934095688881,
        "mae": 49.32676696777344,
        "r2": -0.05159950256347656,
        "mean_relative_error": 0.17180542647838593,
        "median_relative_error": 0.13532201945781708
    },
    "siamese_finetune_metrics": {
        "mse": 629.0716552734375,
        "rmse": 25.081300908713597,
        "mae": 18.69578742980957,
        "r2": 0.8088551759719849,
        "mean_relative_error": 0.06139805167913437,
        "median_relative_error": 0.04542205482721329
    },
    "siamese_no_finetune_metrics": {
        "mse": 2876.90673828125,
        "rmse": 53.6368039528946,
        "mae": 44.9016227722168,
        "r2": 0.1258455514907837,
        "mean_relative_error": 0.15287652611732483,
        "median_relative_error": 0.12410712242126465
    },
    "lorentz_metrics": {
        "mse": 3452.7256216421233,
        "rmse": 58.75989807378944,
        "mae": 36.67844256800682,
        "r2": -0.04911839671914309,
        "mean_relative_error": 0.11657890852602715,
        "median_relative_error": 0.06626243834492657
    }
}