{
    "qX_qWY_qqqlv_X300_Y100": {
        "gnn_baseline_metrics": {
            "mse": 397.632080078125,
            "rmse": 19.940714131598323,
            "mae": 15.457656860351562,
            "r2": 0.0,
            "mean_relative_error": 0.051525525748729706,
            "median_relative_error": 0.041182149201631546
        },
        "gnn_transformed_metrics": {
            "mse": 779.4429321289062,
            "rmse": 27.91850519151959,
            "mae": 25.991281509399414,
            "r2": 0.0,
            "mean_relative_error": 0.08663760125637054,
            "median_relative_error": 0.07774678617715836
        },
        "siamese_metrics": {
            "mse": 400.45758056640625,
            "rmse": 20.01143624446797,
            "mae": 15.318703651428223,
            "r2": 0.0,
            "mean_relative_error": 0.05106234550476074,
            "median_relative_error": 0.04204172641038895
        },
        "lorentz_addition_metrics": {
            "mse": 3115.3389144436683,
            "rmse": 55.81522117168101,
            "mae": 33.94006056511549,
            "r2": 0.0,
            "mean_relative_error": 0.11313353521705162,
            "median_relative_error": 0.06457613311176051
        }
    },
    "qX_qWY_qqqlv_X350_Y130": {
        "gnn_baseline_metrics": {
            "mse": 299.5417175292969,
            "rmse": 17.30727354407091,
            "mae": 13.326327323913574,
            "r2": 0.0,
            "mean_relative_error": 0.038075219839811325,
            "median_relative_error": 0.03210754320025444
        },
        "gnn_transformed_metrics": {
            "mse": 665.4588012695312,
            "rmse": 25.796488157684006,
            "mae": 24.969181060791016,
            "r2": 0.0,
            "mean_relative_error": 0.07134051620960236,
            "median_relative_error": 0.07621507346630096
        },
        "siamese_metrics": {
            "mse": 338.2410583496094,
            "rmse": 18.391331065195075,
            "mae": 13.691521644592285,
            "r2": 0.0,
            "mean_relative_error": 0.039118628948926926,
            "median_relative_error": 0.031268224120140076
        },
        "lorentz_addition_metrics": {
            "mse": 3371.0297956491613,
            "rmse": 58.06057005962963,
            "mae": 35.920139778860566,
            "r2": 0.0,
            "mean_relative_error": 0.10262897079674449,
            "median_relative_error": 0.057280785625096406
        }
    },
    "qX_qWY_qqqlv_X200_Y60": {
        "gnn_baseline_metrics": {
            "mse": 886.530029296875,
            "rmse": 29.77465414235529,
            "mae": 26.62070083618164,
            "r2": 0.0,
            "mean_relative_error": 0.13310350477695465,
            "median_relative_error": 0.11990246176719666
        },
        "gnn_transformed_metrics": {
            "mse": 16398.537109375,
            "rmse": 128.0567729929776,
            "mae": 127.43598175048828,
            "r2": 0.0,
            "mean_relative_error": 0.637179970741272,
            "median_relative_error": 0.6166296005249023
        },
        "siamese_metrics": {
            "mse": 792.485107421875,
            "rmse": 28.151112010396233,
            "mae": 25.41118049621582,
            "r2": 0.0,
            "mean_relative_error": 0.12705591320991516,
            "median_relative_error": 0.11113910377025604
        },
        "lorentz_addition_metrics": {
            "mse": 2867.0325984304227,
            "rmse": 53.54467852579211,
            "mae": 28.666081034977907,
            "r2": 0.0,
            "mean_relative_error": 0.1433304051748895,
            "median_relative_error": 0.06543337741536774
        }
    },
    "qX_qWY_qqqlv_X250_Y80": {
        "gnn_baseline_metrics": {
            "mse": 308.5741882324219,
            "rmse": 17.566279863204443,
            "mae": 13.460579872131348,
            "r2": 0.0,
            "mean_relative_error": 0.053842321038246155,
            "median_relative_error": 0.042382627725601196
        },
        "gnn_transformed_metrics": {
            "mse": 5931.87646484375,
            "rmse": 77.0186760782328,
            "mae": 76.31964111328125,
            "r2": 0.0,
            "mean_relative_error": 0.30527856945991516,
            "median_relative_error": 0.293300598859787
        },
        "siamese_metrics": {
            "mse": 315.2872009277344,
            "rmse": 17.756328475440366,
            "mae": 13.852310180664062,
            "r2": 0.0,
            "mean_relative_error": 0.05540924146771431,
            "median_relative_error": 0.04711651802062988
        },
        "lorentz_addition_metrics": {
            "mse": 2473.5052414075385,
            "rmse": 49.734346697303046,
            "mae": 30.356705288924733,
            "r2": 0.0,
            "mean_relative_error": 0.12142682115569894,
            "median_relative_error": 0.06950622268210463
        }
    },
    "qX_qWY_qqqlv_X400_Y160": {
        "gnn_baseline_metrics": {
            "mse": 685.6604614257812,
            "rmse": 26.185119083666226,
            "mae": 20.20244026184082,
            "r2": 0.0,
            "mean_relative_error": 0.0505061000585556,
            "median_relative_error": 0.037974052131175995
        },
        "gnn_transformed_metrics": {
            "mse": 5577.615234375,
            "rmse": 74.68343346669997,
            "mae": 74.12931060791016,
            "r2": 0.0,
            "mean_relative_error": 0.18532328307628632,
            "median_relative_error": 0.19168734550476074
        },
        "siamese_metrics": {
            "mse": 637.3770751953125,
            "rmse": 25.246327954681103,
            "mae": 18.760395050048828,
            "r2": 0.0,
            "mean_relative_error": 0.04690098762512207,
            "median_relative_error": 0.03342502564191818
        },
        "lorentz_addition_metrics": {
            "mse": 3833.7708114052352,
            "rmse": 61.917451590042326,
            "mae": 39.299334948663066,
            "r2": 0.0,
            "mean_relative_error": 0.09824833737165765,
            "median_relative_error": 0.05715905296681349
        }
    }
}