{
    "qX_qWY_qqqlv_X300_Y100": {
        "gnn_baseline_metrics": {
            "mse": 397.632080078125,
            "rmse": 19.940714131598323,
            "mae": 15.457656860351562,
            "r2": 0.0,
            "mean_relative_error": 0.051525525748729706,
            "median_relative_error": 0.041182149201631546
        },
        "gnn_transformed_metrics": {
            "mse": 779.4429321289062,
            "rmse": 27.91850519151959,
            "mae": 25.991281509399414,
            "r2": 0.0,
            "mean_relative_error": 0.08663760125637054,
            "median_relative_error": 0.07774678617715836
        },
        "siamese_finetune_metrics": {
            "mse": 483.8806457519531,
            "rmse": 21.997287236201494,
            "mae": 18.06853485107422,
            "r2": 0.0,
            "mean_relative_error": 0.06022845208644867,
            "median_relative_error": 0.05189727619290352
        },
        "siamese_no_finetune_metrics": {
            "mse": 730.8602294921875,
            "rmse": 27.03442674613589,
            "mae": 22.569374084472656,
            "r2": 0.0,
            "mean_relative_error": 0.07523125410079956,
            "median_relative_error": 0.07214193046092987
        },
        "lorentz_addition_metrics": {
            "mse": 3115.3389144436683,
            "rmse": 55.81522117168101,
            "mae": 33.94006056511549,
            "r2": 0.0,
            "mean_relative_error": 0.11313353521705162,
            "median_relative_error": 0.06457613311176051
        }
    },
    "qX_qWY_qqqlv_X350_Y130": {
        "gnn_baseline_metrics": {
            "mse": 299.5417175292969,
            "rmse": 17.30727354407091,
            "mae": 13.326327323913574,
            "r2": 0.0,
            "mean_relative_error": 0.038075219839811325,
            "median_relative_error": 0.03210754320025444
        },
        "gnn_transformed_metrics": {
            "mse": 665.4588012695312,
            "rmse": 25.796488157684006,
            "mae": 24.969181060791016,
            "r2": 0.0,
            "mean_relative_error": 0.07134051620960236,
            "median_relative_error": 0.07621507346630096
        },
        "siamese_finetune_metrics": {
            "mse": 399.1505126953125,
            "rmse": 19.97875152994582,
            "mae": 14.830657958984375,
            "r2": 0.0,
            "mean_relative_error": 0.042373303323984146,
            "median_relative_error": 0.03377794474363327
        },
        "siamese_no_finetune_metrics": {
            "mse": 955.1953735351562,
            "rmse": 30.906235188633964,
            "mae": 25.552303314208984,
            "r2": 0.0,
            "mean_relative_error": 0.07300657778978348,
            "median_relative_error": 0.06627027690410614
        },
        "lorentz_addition_metrics": {
            "mse": 3371.0297956491613,
            "rmse": 58.06057005962963,
            "mae": 35.920139778860566,
            "r2": 0.0,
            "mean_relative_error": 0.10262897079674449,
            "median_relative_error": 0.057280785625096406
        }
    },
    "qX_qWY_qqqlv_X200_Y60": {
        "gnn_baseline_metrics": {
            "mse": 886.530029296875,
            "rmse": 29.77465414235529,
            "mae": 26.62070083618164,
            "r2": 0.0,
            "mean_relative_error": 0.13310350477695465,
            "median_relative_error": 0.11990246176719666
        },
        "gnn_transformed_metrics": {
            "mse": 16398.537109375,
            "rmse": 128.0567729929776,
            "mae": 127.43598175048828,
            "r2": 0.0,
            "mean_relative_error": 0.637179970741272,
            "median_relative_error": 0.6166296005249023
        },
        "siamese_finetune_metrics": {
            "mse": 1241.5430908203125,
            "rmse": 35.235537328389256,
            "mae": 30.42135238647461,
            "r2": 0.0,
            "mean_relative_error": 0.15210674703121185,
            "median_relative_error": 0.14016979932785034
        },
        "siamese_no_finetune_metrics": {
            "mse": 11636.544921875,
            "rmse": 107.87281827168047,
            "mae": 106.3018798828125,
            "r2": 0.0,
            "mean_relative_error": 0.5315094590187073,
            "median_relative_error": 0.5302621126174927
        },
        "lorentz_addition_metrics": {
            "mse": 2867.0325984304227,
            "rmse": 53.54467852579211,
            "mae": 28.666081034977907,
            "r2": 0.0,
            "mean_relative_error": 0.1433304051748895,
            "median_relative_error": 0.06543337741536774
        }
    },
    "qX_qWY_qqqlv_X250_Y80": {
        "gnn_baseline_metrics": {
            "mse": 308.5741882324219,
            "rmse": 17.566279863204443,
            "mae": 13.460579872131348,
            "r2": 0.0,
            "mean_relative_error": 0.053842321038246155,
            "median_relative_error": 0.042382627725601196
        },
        "gnn_transformed_metrics": {
            "mse": 5931.87646484375,
            "rmse": 77.0186760782328,
            "mae": 76.31964111328125,
            "r2": 0.0,
            "mean_relative_error": 0.30527856945991516,
            "median_relative_error": 0.293300598859787
        },
        "siamese_finetune_metrics": {
            "mse": 448.7696228027344,
            "rmse": 21.184183316869554,
            "mae": 16.289392471313477,
            "r2": 0.0,
            "mean_relative_error": 0.06515756249427795,
            "median_relative_error": 0.051336731761693954
        },
        "siamese_no_finetune_metrics": {
            "mse": 4171.705078125,
            "rmse": 64.58873801310101,
            "mae": 61.765010833740234,
            "r2": 0.0,
            "mean_relative_error": 0.24706004559993744,
            "median_relative_error": 0.24742688238620758
        },
        "lorentz_addition_metrics": {
            "mse": 2473.5052414075385,
            "rmse": 49.734346697303046,
            "mae": 30.356705288924733,
            "r2": 0.0,
            "mean_relative_error": 0.12142682115569894,
            "median_relative_error": 0.06950622268210463
        }
    },
    "qX_qWY_qqqlv_X400_Y160": {
        "gnn_baseline_metrics": {
            "mse": 685.6604614257812,
            "rmse": 26.185119083666226,
            "mae": 20.20244026184082,
            "r2": 0.0,
            "mean_relative_error": 0.0505061000585556,
            "median_relative_error": 0.037974052131175995
        },
        "gnn_transformed_metrics": {
            "mse": 5577.615234375,
            "rmse": 74.68343346669997,
            "mae": 74.12931060791016,
            "r2": 0.0,
            "mean_relative_error": 0.18532328307628632,
            "median_relative_error": 0.19168734550476074
        },
        "siamese_finetune_metrics": {
            "mse": 973.8848266601562,
            "rmse": 31.207127818178915,
            "mae": 22.108182907104492,
            "r2": 0.0,
            "mean_relative_error": 0.05527045577764511,
            "median_relative_error": 0.03736671432852745
        },
        "siamese_no_finetune_metrics": {
            "mse": 5160.4580078125,
            "rmse": 71.83632791152746,
            "mae": 69.66253662109375,
            "r2": 0.0,
            "mean_relative_error": 0.1741563379764557,
            "median_relative_error": 0.1701938658952713
        },
        "lorentz_addition_metrics": {
            "mse": 3833.7708114052352,
            "rmse": 61.917451590042326,
            "mae": 39.299334948663066,
            "r2": 0.0,
            "mean_relative_error": 0.09824833737165765,
            "median_relative_error": 0.05715905296681349
        }
    }
}