{
    "qX_qWY_qqqlv_X300_Y100": {
        "gnn_baseline_metrics": {
            "mse": 2006.9664306640625,
            "rmse": 44.799178906136916,
            "mae": 35.009498596191406,
            "r2": 0.0,
            "mean_relative_error": 0.11669832468032837,
            "median_relative_error": 0.0843655914068222
        },
        "gnn_transformed_metrics": {
            "mse": 640.7783203125,
            "rmse": 25.313599513156955,
            "mae": 24.450307846069336,
            "r2": 0.0,
            "mean_relative_error": 0.08150102198123932,
            "median_relative_error": 0.07799036800861359
        },
        "siamese_metrics": {
            "mse": 1918.322265625,
            "rmse": 43.79865597966449,
            "mae": 36.22651290893555,
            "r2": 0.0,
            "mean_relative_error": 0.12075503915548325,
            "median_relative_error": 0.11243555694818497
        },
        "lorentz_addition_metrics": {
            "mse": 8688.093983941113,
            "rmse": 93.20994573510443,
            "mae": 70.02744786224329,
            "r2": 0.0,
            "mean_relative_error": 0.23342482620747765,
            "median_relative_error": 0.1687896402121954
        }
    },
    "qX_qWY_qqqlv_X350_Y130": {
        "gnn_baseline_metrics": {
            "mse": 5287.7060546875,
            "rmse": 72.71661470865857,
            "mae": 57.57586669921875,
            "r2": 0.0,
            "mean_relative_error": 0.16450248658657074,
            "median_relative_error": 0.14332658052444458
        },
        "gnn_transformed_metrics": {
            "mse": 670.0499877929688,
            "rmse": 25.88532379154197,
            "mae": 25.221771240234375,
            "r2": 0.0,
            "mean_relative_error": 0.07206220179796219,
            "median_relative_error": 0.0761914923787117
        },
        "siamese_metrics": {
            "mse": 1848.5289306640625,
            "rmse": 42.99452210065908,
            "mae": 28.45077133178711,
            "r2": 0.0,
            "mean_relative_error": 0.0812879204750061,
            "median_relative_error": 0.04421138018369675
        },
        "lorentz_addition_metrics": {
            "mse": 9881.067172585017,
            "rmse": 99.40355714251385,
            "mae": 70.91969735520901,
            "r2": 0.0,
            "mean_relative_error": 0.20262770672916863,
            "median_relative_error": 0.1333544961997323
        }
    },
    "qX_qWY_qqqlv_X200_Y60": {
        "gnn_baseline_metrics": {
            "mse": 1184.97265625,
            "rmse": 34.42343179071488,
            "mae": 29.654190063476562,
            "r2": 0.0,
            "mean_relative_error": 0.14827094972133636,
            "median_relative_error": 0.1276969462633133
        },
        "gnn_transformed_metrics": {
            "mse": 15706.6455078125,
            "rmse": 125.32615651895058,
            "mae": 125.07978820800781,
            "r2": 0.0,
            "mean_relative_error": 0.6253989934921265,
            "median_relative_error": 0.6169894337654114
        },
        "siamese_metrics": {
            "mse": 2816.55810546875,
            "rmse": 53.07125498298255,
            "mae": 42.241127014160156,
            "r2": 0.0,
            "mean_relative_error": 0.2112056314945221,
            "median_relative_error": 0.15212464332580566
        },
        "lorentz_addition_metrics": {
            "mse": 4877.438373934519,
            "rmse": 69.83865959434301,
            "mae": 55.02027034086255,
            "r2": 0.0,
            "mean_relative_error": 0.27510135170431277,
            "median_relative_error": 0.2381870293239534
        }
    },
    "qX_qWY_qqqlv_X250_Y80": {
        "gnn_baseline_metrics": {
            "mse": 495.441162109375,
            "rmse": 22.258507634371515,
            "mae": 18.200366973876953,
            "r2": 0.0,
            "mean_relative_error": 0.07280147075653076,
            "median_relative_error": 0.0658588856458664
        },
        "gnn_transformed_metrics": {
            "mse": 5728.05078125,
            "rmse": 75.68388719701176,
            "mae": 75.20922088623047,
            "r2": 0.0,
            "mean_relative_error": 0.3008368909358978,
            "median_relative_error": 0.2933739721775055
        },
        "siamese_metrics": {
            "mse": 1238.8155517578125,
            "rmse": 35.196811670346115,
            "mae": 25.26303482055664,
            "r2": 0.0,
            "mean_relative_error": 0.10105212777853012,
            "median_relative_error": 0.07293972373008728
        },
        "lorentz_addition_metrics": {
            "mse": 6738.503049151041,
            "rmse": 82.08838559230557,
            "mae": 66.12185464908434,
            "r2": 0.0,
            "mean_relative_error": 0.2644874185963374,
            "median_relative_error": 0.2416698628495398
        }
    },
    "qX_qWY_qqqlv_X400_Y160": {
        "gnn_baseline_metrics": {
            "mse": 674.1997680664062,
            "rmse": 25.96535707565768,
            "mae": 20.02186393737793,
            "r2": 0.0,
            "mean_relative_error": 0.050054650753736496,
            "median_relative_error": 0.03773811459541321
        },
        "gnn_transformed_metrics": {
            "mse": 5718.5986328125,
            "rmse": 75.62141649567602,
            "mae": 75.31598663330078,
            "r2": 0.0,
            "mean_relative_error": 0.18828998506069183,
            "median_relative_error": 0.19152919948101044
        },
        "siamese_metrics": {
            "mse": 3771.990966796875,
            "rmse": 61.41653659070067,
            "mae": 41.63581466674805,
            "r2": 0.0,
            "mean_relative_error": 0.10408953577280045,
            "median_relative_error": 0.060795895755290985
        },
        "lorentz_addition_metrics": {
            "mse": 17855.560441002333,
            "rmse": 133.62469996599555,
            "mae": 105.65618328790869,
            "r2": 0.0,
            "mean_relative_error": 0.2641404582197718,
            "median_relative_error": 0.2200128307017288
        }
    }
}