{
    "gnn_baseline_metrics": {
        "mse": 3128.73828125,
        "rmse": 55.93512564793254,
        "mae": 38.35798645019531,
        "r2": 0.04929685592651367,
        "mean_relative_error": 0.11589908599853516,
        "median_relative_error": 0.07409738004207611
    },
    "gnn_transformed_metrics": {
        "mse": 3397.2421875,
        "rmse": 58.28586610405648,
        "mae": 49.0800666809082,
        "r2": -0.03229117393493652,
        "mean_relative_error": 0.170415997505188,
        "median_relative_error": 0.13695722818374634
    },
    "lorentz_addition_metrics": {
        "mse": 9617.460229470542,
        "rmse": 98.06865059472646,
        "mae": 71.54041195952075,
        "r2": -1.9223758515455498,
        "mean_relative_error": 0.2241682042864516,
        "median_relative_error": 0.1660296688604968
    }
}