{
    "gnn_baseline_metrics": {
        "mse": 3106.43115234375,
        "rmse": 55.73536715895707,
        "mae": 38.28548812866211,
        "r2": 0.056075096130371094,
        "mean_relative_error": 0.11582573503255844,
        "median_relative_error": 0.07400132715702057
    },
    "gnn_transformed_metrics": {
        "mse": 3396.09130859375,
        "rmse": 58.27599255777417,
        "mae": 49.07219314575195,
        "r2": -0.03194141387939453,
        "mean_relative_error": 0.17039652168750763,
        "median_relative_error": 0.13623186945915222
    },
    "siamese_finetune_metrics": {
        "mse": 1925.472412109375,
        "rmse": 43.88020524233421,
        "mae": 31.84800910949707,
        "r2": 0.4149230122566223,
        "mean_relative_error": 0.10563861578702927,
        "median_relative_error": 0.07043139636516571
    },
    "siamese_no_finetune_metrics": {
        "mse": 3163.2080078125,
        "rmse": 56.2424040010071,
        "mae": 47.253177642822266,
        "r2": 0.03882277011871338,
        "mean_relative_error": 0.15766942501068115,
        "median_relative_error": 0.13347965478897095
    },
    "lorentz_addition_metrics": {
        "mse": 9925.881997067432,
        "rmse": 99.62872074390714,
        "mae": 73.03813675825066,
        "r2": -2.0160933511983417,
        "mean_relative_error": 0.22826566934579753,
        "median_relative_error": 0.1704938707037944
    }
}