{
    "gnn_baseline_metrics": {
        "mse": 3234.577392578125,
        "rmse": 56.87334518540408,
        "mae": 39.210426330566406,
        "r2": 0.01713639497756958,
        "mean_relative_error": 0.11825037747621536,
        "median_relative_error": 0.0763312503695488
    },
    "gnn_transformed_metrics": {
        "mse": 3398.50634765625,
        "rmse": 58.29670957829653,
        "mae": 49.088653564453125,
        "r2": -0.03267526626586914,
        "mean_relative_error": 0.17044560611248016,
        "median_relative_error": 0.13750141859054565
    },
    "siamese_metrics": {
        "mse": 2265.97802734375,
        "rmse": 47.60229014809844,
        "mae": 32.598731994628906,
        "r2": 0.31145644187927246,
        "mean_relative_error": 0.10285148024559021,
        "median_relative_error": 0.06504571437835693
    },
    "lorentz_addition_metrics": {
        "mse": 9519.060993201727,
        "rmse": 97.56567528184145,
        "mae": 70.90242198580161,
        "r2": -1.892476112423016,
        "mean_relative_error": 0.22185174718997203,
        "median_relative_error": 0.16257477783649293
    }
}