{
    "gnn_baseline_metrics": {
        "mse": 478.7938537597656,
        "rmse": 21.88135859035644,
        "mae": 16.304323196411133,
        "r2": 0.8545174598693848,
        "mean_relative_error": 0.053460970520973206,
        "median_relative_error": 0.04064261168241501
    },
    "lorentz_metrics": {
        "mse": 3452.7256216421233,
        "rmse": 58.75989807378944,
        "mae": 36.67844256800682,
        "r2": -0.04911839671914309,
        "mean_relative_error": 0.11657890852602715,
        "median_relative_error": 0.06626243834492657
    }
}