{
    "gnn_baseline_metrics": {
        "mse": 690.0435180664062,
        "rmse": 26.268679412304042,
        "mae": 19.39936637878418,
        "r2": 0.7903287410736084,
        "mean_relative_error": 0.06379514187574387,
        "median_relative_error": 0.047367580235004425
    },
    "lorentz_metrics": {
        "mse": 3452.7256216421233,
        "rmse": 58.75989807378944,
        "mae": 36.67844256800682,
        "r2": -0.04911839671914309,
        "mean_relative_error": 0.11657890852602715,
        "median_relative_error": 0.06626243834492657
    }
}