{
    "qX_qWY_qqqlv_X300_Y100": {
        "best_model_1.keras_metrics": {
            "mse": 441.6373596191406,
            "rmse": 21.015169749948264,
            "mae": 16.39902114868164,
            "r2": 0.0,
            "mean_relative_error": 0.05466340482234955,
            "median_relative_error": 0.04373128339648247
        },
        "lorentz_metrics": {
            "mse": 3115.3389144436683,
            "rmse": 55.81522117168101,
            "mae": 33.94006056511549,
            "r2": 0.0,
            "mean_relative_error": 0.11313353521705162,
            "median_relative_error": 0.06457613311176051
        }
    },
    "qX_qWY_qqqlv_X350_Y130": {
        "best_model_1.keras_metrics": {
            "mse": 342.7234802246094,
            "rmse": 18.512792340017466,
            "mae": 14.784029960632324,
            "r2": 0.0,
            "mean_relative_error": 0.04224008694291115,
            "median_relative_error": 0.03709176182746887
        },
        "lorentz_metrics": {
            "mse": 3371.0297956491613,
            "rmse": 58.06057005962963,
            "mae": 35.920139778860566,
            "r2": 0.0,
            "mean_relative_error": 0.10262897079674449,
            "median_relative_error": 0.057280785625096406
        }
    },
    "qX_qWY_qqqlv_X200_Y60": {
        "best_model_1.keras_metrics": {
            "mse": 896.98779296875,
            "rmse": 29.94975447259543,
            "mae": 26.092628479003906,
            "r2": 0.0,
            "mean_relative_error": 0.1304631382226944,
            "median_relative_error": 0.11485664546489716
        },
        "lorentz_metrics": {
            "mse": 2867.0325984304227,
            "rmse": 53.54467852579211,
            "mae": 28.666081034977907,
            "r2": 0.0,
            "mean_relative_error": 0.1433304051748895,
            "median_relative_error": 0.06543337741536774
        }
    },
    "qX_qWY_qqqlv_X250_Y80": {
        "best_model_1.keras_metrics": {
            "mse": 386.417236328125,
            "rmse": 19.65749822149617,
            "mae": 15.20283031463623,
            "r2": 0.0,
            "mean_relative_error": 0.060811322182416916,
            "median_relative_error": 0.05123822018504143
        },
        "lorentz_metrics": {
            "mse": 2473.5052414075385,
            "rmse": 49.734346697303046,
            "mae": 30.356705288924733,
            "r2": 0.0,
            "mean_relative_error": 0.12142682115569894,
            "median_relative_error": 0.06950622268210463
        }
    },
    "qX_qWY_qqqlv_X400_Y160": {
        "best_model_1.keras_metrics": {
            "mse": 565.7222290039062,
            "rmse": 23.78491599741118,
            "mae": 16.852617263793945,
            "r2": 0.0,
            "mean_relative_error": 0.042131539434194565,
            "median_relative_error": 0.028086815029382706
        },
        "lorentz_metrics": {
            "mse": 3833.7708114052352,
            "rmse": 61.917451590042326,
            "mae": 39.299334948663066,
            "r2": 0.0,
            "mean_relative_error": 0.09824833737165765,
            "median_relative_error": 0.05715905296681349
        }
    }
}