{
    "test_qX_qWY_qqqlv_X200_Y60.npz": {
        "best_model_1.keras_metrics": {
            "mse": 682.6011962890625,
            "rmse": 26.12663767669048,
            "mae": 23.45438003540039,
            "r2": 0.0,
            "mean_relative_error": 0.11727189272642136,
            "median_relative_error": 0.10418815910816193
        },
        "lorentz_metrics": {
            "mse": 2867.0325984304227,
            "rmse": 53.54467852579211,
            "mae": 28.666081034977907,
            "r2": 0.0,
            "mean_relative_error": 0.1433304051748895,
            "median_relative_error": 0.06543337741536774
        }
    },
    "test_qX_qWY_qqqlv_X250_Y80.npz": {
        "best_model_1.keras_metrics": {
            "mse": 387.7457275390625,
            "rmse": 19.69126018158976,
            "mae": 16.894800186157227,
            "r2": 0.0,
            "mean_relative_error": 0.06757920235395432,
            "median_relative_error": 0.0674298107624054
        },
        "lorentz_metrics": {
            "mse": 2473.5052414075385,
            "rmse": 49.734346697303046,
            "mae": 30.356705288924733,
            "r2": 0.0,
            "mean_relative_error": 0.12142682115569894,
            "median_relative_error": 0.06950622268210463
        }
    },
    "test_qX_qWY_qqqlv_X300_Y100.npz": {
        "best_model_1.keras_metrics": {
            "mse": 571.1267700195312,
            "rmse": 23.89825872358761,
            "mae": 18.49966049194336,
            "r2": 0.0,
            "mean_relative_error": 0.061665527522563934,
            "median_relative_error": 0.04971018433570862
        },
        "lorentz_metrics": {
            "mse": 3115.3389144436683,
            "rmse": 55.81522117168101,
            "mae": 33.94006056511549,
            "r2": 0.0,
            "mean_relative_error": 0.11313353521705162,
            "median_relative_error": 0.06457613311176051
        }
    },
    "test_qX_qWY_qqqlv_X350_Y130.npz": {
        "best_model_1.keras_metrics": {
            "mse": 475.10491943359375,
            "rmse": 21.796901601686276,
            "mae": 15.523241996765137,
            "r2": 0.0,
            "mean_relative_error": 0.04435212165117264,
            "median_relative_error": 0.032520271837711334
        },
        "lorentz_metrics": {
            "mse": 3371.0297956491613,
            "rmse": 58.06057005962963,
            "mae": 35.920139778860566,
            "r2": 0.0,
            "mean_relative_error": 0.10262897079674449,
            "median_relative_error": 0.057280785625096406
        }
    },
    "test_qX_qWY_qqqlv_X400_Y160.npz": {
        "best_model_1.keras_metrics": {
            "mse": 834.0750122070312,
            "rmse": 28.88035685733525,
            "mae": 21.10322380065918,
            "r2": 0.0,
            "mean_relative_error": 0.05275805667042732,
            "median_relative_error": 0.036053504794836044
        },
        "lorentz_metrics": {
            "mse": 3833.7708114052352,
            "rmse": 61.917451590042326,
            "mae": 39.299334948663066,
            "r2": 0.0,
            "mean_relative_error": 0.09824833737165765,
            "median_relative_error": 0.05715905296681349
        }
    }
}