{
    "best_model_1.keras_metrics": {
        "mse": 1590.2056884765625,
        "rmse": 39.87738316986914,
        "mae": 27.427017211914062,
        "r2": 0.5168125033378601,
        "mean_relative_error": 0.08711285889148712,
        "median_relative_error": 0.05765455961227417
    },
    "lorentz_metrics": {
        "mse": 7563.1087956907695,
        "rmse": 86.96613591330116,
        "mae": 59.902014302913116,
        "r2": -1.298067510552385,
        "mean_relative_error": 0.18840192552022383,
        "median_relative_error": 0.11943177866412855
    }
}