{
    "gnn_baseline_metrics": {
        "mse": 2102.15283203125,
        "rmse": 45.84924025576923,
        "mae": 31.785438537597656,
        "r2": 0.3612562417984009,
        "mean_relative_error": 0.10250294953584671,
        "median_relative_error": 0.06520014256238937
    },
    "lorentz_addition_metrics": {
        "mse": 9739.501066584155,
        "rmse": 98.68891055526024,
        "mae": 72.27601211518471,
        "r2": -1.9593691661370718,
        "mean_relative_error": 0.22659187173921966,
        "median_relative_error": 0.16922905222601337
    }
}