{
    "qX_qWY_qqqlv_X300_Y100": {
        "gnn_baseline.keras_metrics": {
            "mse": 1250.8212890625,
            "rmse": 35.36695193344346,
            "mae": 28.031776428222656,
            "r2": 0.0,
            "mean_relative_error": 0.0934392586350441,
            "median_relative_error": 0.07443298399448395
        },
        "lorentz_addition_metrics": {
            "mse": 5833.163174693774,
            "rmse": 76.37514762469382,
            "mae": 50.68667791179504,
            "r2": 0.0,
            "mean_relative_error": 0.16895559303931681,
            "median_relative_error": 0.10358333343132642
        }
    },
    "qX_qWY_qqqlv_X350_Y130": {
        "gnn_baseline.keras_metrics": {
            "mse": 2026.490966796875,
            "rmse": 45.01656324950712,
            "mae": 31.018325805664062,
            "r2": 0.0,
            "mean_relative_error": 0.0886237770318985,
            "median_relative_error": 0.051715217530727386
        },
        "lorentz_addition_metrics": {
            "mse": 10790.136046624219,
            "rmse": 103.87557964519003,
            "mae": 77.31384640934277,
            "r2": 0.0,
            "mean_relative_error": 0.22089670402669362,
            "median_relative_error": 0.16306264678529375
        }
    },
    "qX_qWY_qqqlv_X200_Y60": {
        "gnn_baseline.keras_metrics": {
            "mse": 2044.915283203125,
            "rmse": 45.22073952516837,
            "mae": 35.07200622558594,
            "r2": 0.0,
            "mean_relative_error": 0.17536002397537231,
            "median_relative_error": 0.126056969165802
        },
        "lorentz_addition_metrics": {
            "mse": 3827.1054847488645,
            "rmse": 61.863603877796066,
            "mae": 44.5187613887687,
            "r2": 0.0,
            "mean_relative_error": 0.22259380694384354,
            "median_relative_error": 0.1652253444619909
        }
    },
    "qX_qWY_qqqlv_X250_Y80": {
        "gnn_baseline.keras_metrics": {
            "mse": 1453.265625,
            "rmse": 38.121721170482324,
            "mae": 27.123733520507812,
            "r2": 0.0,
            "mean_relative_error": 0.10849493741989136,
            "median_relative_error": 0.07664990425109863
        },
        "lorentz_addition_metrics": {
            "mse": 4709.068183570234,
            "rmse": 68.62265065975107,
            "mae": 48.696414209450154,
            "r2": 0.0,
            "mean_relative_error": 0.1947856568378006,
            "median_relative_error": 0.12288022125910056
        }
    },
    "qX_qWY_qqqlv_X400_Y160": {
        "gnn_baseline.keras_metrics": {
            "mse": 4558.451171875,
            "rmse": 67.51630300805132,
            "mae": 47.740814208984375,
            "r2": 0.0,
            "mean_relative_error": 0.11935203522443771,
            "median_relative_error": 0.0788864940404892
        },
        "lorentz_addition_metrics": {
            "mse": 16682.557734157755,
            "rmse": 129.1609760498803,
            "mae": 99.13037239657511,
            "r2": 0.0,
            "mean_relative_error": 0.24782593099143782,
            "median_relative_error": 0.1980459780242262
        }
    }
}