{
    "qX_qWY_qqqlv_X300_Y100": {
        "gnn_baseline_metrics": {
            "mse": 2215.26806640625,
            "rmse": 47.06663432205717,
            "mae": 37.95448684692383,
            "r2": 0.0,
            "mean_relative_error": 0.12651494145393372,
            "median_relative_error": 0.10917948186397552
        },
        "gnn_transformed_metrics": {
            "mse": 634.66552734375,
            "rmse": 25.192568891316938,
            "mae": 24.343307495117188,
            "r2": 0.0,
            "mean_relative_error": 0.08114434778690338,
            "median_relative_error": 0.07798410952091217
        },
        "lorentz_addition_metrics": {
            "mse": 10217.705138548712,
            "rmse": 101.08266487656878,
            "mae": 79.71967945250118,
            "r2": 0.0,
            "mean_relative_error": 0.2657322648416706,
            "median_relative_error": 0.2233733673405231
        }
    },
    "qX_qWY_qqqlv_X350_Y130": {
        "gnn_baseline_metrics": {
            "mse": 4354.09375,
            "rmse": 65.98555713184514,
            "mae": 49.46465301513672,
            "r2": 0.0,
            "mean_relative_error": 0.14132758975028992,
            "median_relative_error": 0.09029035270214081
        },
        "gnn_transformed_metrics": {
            "mse": 672.4330444335938,
            "rmse": 25.931313974297442,
            "mae": 25.20059585571289,
            "r2": 0.0,
            "mean_relative_error": 0.07200171053409576,
            "median_relative_error": 0.07620688527822495
        },
        "lorentz_addition_metrics": {
            "mse": 13712.812517007056,
            "rmse": 117.10171867657219,
            "mae": 92.7602382469338,
            "r2": 0.0,
            "mean_relative_error": 0.26502925213409656,
            "median_relative_error": 0.2295713620010803
        }
    },
    "qX_qWY_qqqlv_X200_Y60": {
        "gnn_baseline_metrics": {
            "mse": 929.1830444335938,
            "rmse": 30.482503906890486,
            "mae": 26.91633415222168,
            "r2": 0.0,
            "mean_relative_error": 0.13458165526390076,
            "median_relative_error": 0.11975055932998657
        },
        "gnn_transformed_metrics": {
            "mse": 15586.208984375,
            "rmse": 124.84473951422623,
            "mae": 124.65214538574219,
            "r2": 0.0,
            "mean_relative_error": 0.6232606172561646,
            "median_relative_error": 0.6170064210891724
        },
        "lorentz_addition_metrics": {
            "mse": 4120.580271628185,
            "rmse": 64.19174613319211,
            "mae": 44.603483776721596,
            "r2": 0.0,
            "mean_relative_error": 0.22301741888360802,
            "median_relative_error": 0.15614894069785284
        }
    },
    "qX_qWY_qqqlv_X250_Y80": {
        "gnn_baseline_metrics": {
            "mse": 475.59130859375,
            "rmse": 21.808056048023857,
            "mae": 17.639570236206055,
            "r2": 0.0,
            "mean_relative_error": 0.07055828720331192,
            "median_relative_error": 0.06109881401062012
        },
        "gnn_transformed_metrics": {
            "mse": 5711.21142578125,
            "rmse": 75.5725573590126,
            "mae": 75.16401672363281,
            "r2": 0.0,
            "mean_relative_error": 0.3006560802459717,
            "median_relative_error": 0.2933639585971832
        },
        "lorentz_addition_metrics": {
            "mse": 2527.008785076699,
            "rmse": 50.26936229033246,
            "mae": 30.697795234167305,
            "r2": 0.0,
            "mean_relative_error": 0.12279118093666923,
            "median_relative_error": 0.07224717102284092
        }
    },
    "qX_qWY_qqqlv_X400_Y160": {
        "gnn_baseline_metrics": {
            "mse": 5933.03466796875,
            "rmse": 77.02619468705922,
            "mae": 55.69222640991211,
            "r2": 0.0,
            "mean_relative_error": 0.13923057913780212,
            "median_relative_error": 0.07856395840644836
        },
        "gnn_transformed_metrics": {
            "mse": 5748.14501953125,
            "rmse": 75.8165220748832,
            "mae": 75.6051025390625,
            "r2": 0.0,
            "mean_relative_error": 0.18901273608207703,
            "median_relative_error": 0.19150780141353607
        },
        "lorentz_addition_metrics": {
            "mse": 18226.434369239527,
            "rmse": 135.0053123741415,
            "mae": 107.21344608584614,
            "r2": 0.0,
            "mean_relative_error": 0.26803361521461533,
            "median_relative_error": 0.2225104362195804
        }
    }
}